id,domain,severity,state,title,v5_status,v5_evidence,impact,required_action,tools_methods,acceptance_predicate,v5_remaining_acceptance
GOV-001,Governance,P0,UNVERIFIED_BLOCKER,Немає формальної production authorization,EXTERNAL_DEBT,,Запуск без юридично та організаційно визначеного власника ризику.,"Призначити system owner, data owner, security owner; створити authorization package і signed go/no-go.",NIST AI RMF; NIST RMF/SSP; threat-model workshop,"Підписаний authorization decision, scope, residual-risk register і expiry date.","Підписаний authorization decision, scope, residual-risk register і expiry date."
GOV-002,Governance,P0,UNVERIFIED_BLOCKER,Немає use-case-specific AI risk profile,MITIGATED_LOCAL,docs/governance/AI_SYSTEM_CARD_V5.md | docs/governance/RISK_REGISTER.md | docs/operations/TEVV_PLAN_V5.md,"Ризики оцінюються без визначеного контексту, шкоди, користувачів і допустимої помилки.","Створити AI system card, context map, harm model, risk appetite, human-oversight policy.",NIST AI RMF / AIRC playbook,"Кожен risk має owner, metric, control, evidence і review cadence.","Кожен risk має owner, metric, control, evidence і review cadence."
GOV-003,Governance,P0,UNVERIFIED_BLOCKER,Немає затвердженої класифікації та правил обробки даних,MITIGATED_LOCAL,apps/api/src/korpus/security/corpus_governance.py | apps/api/tests/test_corpus_governance.py | docs/governance/DATA_HANDLING_STANDARD_V5.md,Можливий незаконний або небезпечний витік обмеженої інформації.,"Провести inventory, rights/classification review, labeling, compartment mapping, retention/declassification rules.",Data inventory; DLP; classification workshop; legal review,"100% corpus objects мають owner, class, rights, retention, releasability і access policy.","100% corpus objects мають owner, class, rights, retention, releasability і access policy."
GOV-004,Governance,P0,UNVERIFIED_BLOCKER,"Немає незалежного TEVV, pentest і red-team",EXTERNAL_DEBT,,Self-confirming assurance: одна й та сама модель помилок у коді й тестах.,"Незалежний code review, API/cloud pentest, AI/RAG red-team, corpus poisoning exercise.",OWASP ASVS/API Top 10; OWASP GenAI; MITRE ATLAS; NIST Dioptra,Незалежний звіт без відкритих P0/P1 та з повторною перевіркою remediation.,Незалежний звіт без відкритих P0/P1 та з повторною перевіркою remediation.
GOV-005,Governance,P0,UNVERIFIED_BLOCKER,Немає офіційної моделі предметної відповідальності,MITIGATED_LOCAL,apps/api/src/korpus/security/reviewers.py | apps/api/migrations/versions/0009_reviewer_credentials.py | apps/api/tests/test_reviewer_registry.py,Неавторитетний reviewer може легалізувати неправильний документ.,"Registry reviewers/approvers, credential verification, COI policy, dual control, signed decisions.",PKI/e-sign; reviewer registry; workflow engine,Кожне approval криптографічно прив’язане до уповноваженої ролі та scope.,Кожне approval криптографічно прив’язане до уповноваженої ролі та scope.
GOV-006,Governance,P0,CONDITIONAL_RISK,"Права на індексацію, OCR, цитування й передачу документів не доведені",EXTERNAL_DEBT,,Юридичне блокування продукту та disclosure третім сторонам.,Провести rights clearance; заборонити external egress для неочищених класів.,Legal/IP review; data-processing agreements,Для кожного джерела зафіксовані дозволені операції та заборони.,Для кожного джерела зафіксовані дозволені операції та заборони.
IAM-001,Identity & Access,P0,VERIFIED_DEFECT,Небезпечний secure-by-default: dev auth дає restricted admin,CLOSED_LOCAL,apps/api/src/korpus/config.py | apps/api/tests/test_auth.py,Помилка deployment-конфігурації запускає систему з повним самопризначеним доступом.,Заборонити dev auth у packaged runtime; вимагати explicit DEV_MODE acknowledgment і loopback-only binding.,Pydantic discriminated settings; policy-as-code; negative startup tests,Будь-який non-test start без OIDC/explicit local override завершується exit!=0.,None inside the frozen local scope; external acceptance may still apply.
IAM-002,Identity & Access,P0,VERIFIED_DEFECT,Production web-клієнт не реалізує OIDC,MITIGATED_LOCAL,apps/api/src/korpus/security/browser_oidc.py | apps/api/tests/test_browser_oidc.py | apps/web/public/app.js,Користувач не може безпечно автентифікуватися в production.,"Реалізувати Authorization Code + PKCE, secure token handling/BFF, logout, expiry/refresh/error states.",OIDC conformance suite; Playwright; BFF pattern,End-to-end OIDC login/logout/expiry/revocation проходить у staging.,End-to-end OIDC login/logout/expiry/revocation проходить у staging.
IAM-003,Identity & Access,P0,VERIFIED_DEFECT,Привілеї напряму довіряються довільним OIDC claims,CLOSED_LOCAL,apps/api/src/korpus/security/entitlements.py | apps/api/tests/test_v5_security_kernel.py::test_entitlement_projection_ignores_privileged_token_claims,Помилка IdP/client mapping може видати admin/restricted доступ.,Ввести PDP/entitlement registry; allowlist claims; audience/client-specific mapping; deny unknown.,OPA/Cedar або власний PDP; contract tests,Підроблені/невідомі claims не підвищують доступ; mapping version audited.,None inside the frozen local scope; external acceptance may still apply.
IAM-004,Identity & Access,P0,CONDITIONAL_RISK,Модель доступу не виражає need-to-know/compartments,CLOSED_LOCAL,apps/api/src/korpus/domain/models.py | apps/api/src/korpus/infrastructure/repository.py | apps/api/tests/test_v5_security_kernel.py::test_compartment_noninterference_is_enforced_before_retrieval,Користувач із формальним рівнем може бачити нерелевантний обмежений корпус.,"Розширити ABAC: compartments/caveats, purpose-of-use, affiliation, device trust, temporal/location policy.",OPA/Cedar; policy decision logs; model checking,Набір cross-compartment noninterference tests PASS на DB і API.,None inside the frozen local scope; external acceptance may still apply.
IAM-005,Identity & Access,P1,VERIFIED_DEFECT,OIDC assurance неповний,MITIGATED_LOCAL,apps/api/src/korpus/security/oidc.py | apps/api/tests/test_v5_security_kernel.py::test_oidc_assurance_requires_acr_mfa_and_recent_authentication,"Використання слабкої автентифікації, replay або токена не того client context.","Вимагати phishing-resistant MFA assurance, typ/azp, jti replay policy, revocation/CAE за можливості.",OIDC conformance; token replay tests,Негативні тести для stale/replayed/wrong-client/low-assurance tokens PASS.,Негативні тести для stale/replayed/wrong-client/low-assurance tokens PASS.
IAM-006,Identity & Access,P1,VERIFIED_DEFECT,"RLS залежить від session GUC, який встановлює застосунок",MITIGATED_LOCAL,apps/api/migrations/versions/0003_infrastructure_hardening.py | apps/api/tests/test_postgres_integration.py | .gitlab-ci.yml::api:postgres-and-restore,"RLS захищає від помилки query, але не від app compromise/SQL execution.",Винести authorization у signed session context або окремі DB roles; заборонити прямий SQL; перевірити role privileges.,PostgreSQL RLS tests; pgaudit; signed context,App role не може самостійно розширити effective claims навіть через довільний SQL.,App role не може самостійно розширити effective claims навіть через довільний SQL.
IAM-007,Identity & Access,P1,UNVERIFIED_BLOCKER,Немає lifecycle entitlement/offboarding,MITIGATED_LOCAL,apps/api/src/korpus/security/entitlements.py | apps/api/tests/test_v5_security_kernel.py::test_entitlement_profile_digest_and_deny_list_are_fail_closed,Звільнений/переведений користувач зберігає доступ.,"SCIM/IdP lifecycle, quarterly recertification, emergency revoke.","SCIM, IdP logs, access review",Disable/revoke propagation виміряна та відповідає SLA.,Disable/revoke propagation виміряна та відповідає SLA.
IAM-008,Identity & Access,P1,UNVERIFIED_BLOCKER,Немає PAM/break-glass control,EXTERNAL_DEBT,,Постійний надмірний привілей і невідтворювані адміністративні дії.,"JIT/PAM, two-person approval, break-glass runbook, immutable session logs.",PAM/Vault; SIEM,"Усі privileged sessions attributable, time-bounded і reviewed.","Усі privileged sessions attributable, time-bounded і reviewed."
ING-001,Ingestion & Parsers,P0,VERIFIED_DEFECT,Upload повністю буферизується в RAM,CLOSED_LOCAL,apps/api/src/korpus/api/routes.py | apps/api/tests/test_infrastructure_hardening.py,Memory exhaustion/DoS і подвійне копіювання payload.,Stream у quarantine object/file із incremental hash і hard quota; не зберігати повний bytes у RAM.,Streaming multipart; tempfile/object store; load tests,Peak RSS bounded під N concurrent max-size uploads.,None inside the frozen local scope; external acceptance may still apply.
ING-002,Ingestion & Parsers,P0,VERIFIED_DEFECT,OCR/парсинг синхронні в API request,CLOSED_LOCAL,apps/api/src/korpus/application/ingestion_jobs.py | apps/api/src/korpus/infrastructure/ingestion_jobs.py | apps/api/tests/test_durable_ingestion_jobs.py,"Timeout, втрата роботи при restart, starvation API workers.","Durable queue/workflow, idempotency key, resumable states, cancellation, retry/dead-letter.",Temporal/Celery/Arq; Postgres job ledger,Crash/restart test завершує або безпечно повторює job без дублювання.,None inside the frozen local scope; external acceptance may still apply.
ING-003,Ingestion & Parsers,P0,VERIFIED_DEFECT,Немає malware scan/CDR до parser execution,CLOSED_LOCAL,apps/api/src/korpus/security/scanning.py | apps/api/tests/test_v5_security_kernel.py::test_ingestion_stops_before_parser_when_malware_scanner_rejects,Шкідливий документ атакує parser/toolchain.,"Quarantine service: magic sniffing, AV/YARA, CDR, parser sandbox; лише clean artifact далі.",ClamAV/YARA; CDR; sandboxed worker,EICAR/malformed/polyglot fixtures блокуються до extraction.,None inside the frozen local scope; external acceptance may still apply.
ING-004,Ingestion & Parsers,P0,VERIFIED_DEFECT,Untrusted PDF парситься в API trust domain,CLOSED_LOCAL,apps/api/src/korpus/infrastructure/parser_worker.py | apps/api/src/korpus/infrastructure/extraction.py | apps/api/tests/test_v5_security_kernel.py::test_parser_sandbox_setting_selects_isolated_parser,Parser RCE/DoS отримує доступ до API secrets/DB/network.,"Винести extraction у disposable no-network sandbox з seccomp/AppArmor, read-only FS, uid, cgroup quotas.",gVisor/Firecracker/Kubernetes sandbox; seccomp,Compromise simulation не бачить DB/IdP/S3 credentials і не має egress.,None inside the frozen local scope; external acceptance may still apply.
ING-005,Ingestion & Parsers,P0,VERIFIED_DEFECT,Aggregate OCR budget фактично не обмежений,CLOSED_LOCAL,apps/api/src/korpus/infrastructure/extraction.py | apps/api/tests/test_structured_evidence_and_fuzz.py,Один документ може зайняти години CPU та блокувати ingestion slots.,Global wall-clock/CPU/pixel budget; per-page deadline; max rendered pixels; early abort.,cgroups; process supervisor; timeout budget tests,Worst-case file завершується в заданий budget і очищає temp artifacts.,None inside the frozen local scope; external acceptance may still apply.
ING-006,Ingestion & Parsers,P1,VERIFIED_DEFECT,File-type validation обмежена extension/MIME/PDF magic,CLOSED_LOCAL,apps/api/src/korpus/infrastructure/extraction.py | apps/api/tests/test_extraction.py | apps/api/tests/test_v5_security_kernel.py::test_type_verification_rejects_pdf_extension_with_non_pdf_content,Polyglot/mislabeled content проходить до parser.,libmagic + parser-specific structural validation; reject ambiguity.,python-magic/libmagic; corpus of polyglots,Mismatch/polyglot suite fail-closed.,None inside the frozen local scope; external acceptance may still apply.
ING-007,Ingestion & Parsers,P1,VERIFIED_DEFECT,Regex-based HTML stripping не є безпечним parser,CLOSED_LOCAL,apps/api/src/korpus/infrastructure/extraction.py | apps/api/tests/test_v5_security_kernel.py::test_html_extraction_drops_script_style_and_preserves_text,"Прихований/злитий текст, помилкові цитати, resource abuse.","Парсер HTML allowlist, DOM text extraction, limits на depth/nodes.",lxml/html5lib sandbox; fuzzing,Malformed HTML corpus не змінює смислові межі непередбачувано.,None inside the frozen local scope; external acceptance may still apply.
ING-008,Ingestion & Parsers,P1,VERIFIED_DEFECT,Object store write не атомарний із metadata transaction,MITIGATED_LOCAL,apps/api/src/korpus/application/ingestion_jobs.py | apps/api/tests/test_durable_ingestion_jobs.py::test_object_inventory_reconciliation_detects_missing_and_orphaned_files,Накопичення неврахованих даних і retention/privacy drift.,Staging key + transactional outbox/commit marker + orphan reconciler/GC.,Saga/outbox; inventory reconciliation,Injected DB failure не лишає доступного orphan або GC видаляє його за SLA.,Injected DB failure не лишає доступного orphan або GC видаляє його за SLA.
ING-009,Ingestion & Parsers,P1,VERIFIED_DEFECT,Немає OCR/layout quality model,MITIGATED_LOCAL,apps/api/src/korpus/application/extraction_quality.py | apps/api/migrations/versions/0008_extraction_quality_governance.py | apps/api/tests/test_extraction_quality_governance.py,Цитата може бути формально привʼязана до хибного OCR.,"Layout-aware extraction, OCR confidence, low-confidence quarantine, visual review UI.",Document AI/layoutparser; OCR benchmarks,CER/WER/table extraction виміряні по stratified corpus; low confidence не auto-approve.,CER/WER/table extraction виміряні по stratified corpus; low confidence не auto-approve.
ING-010,Ingestion & Parsers,P1,VERIFIED_DEFECT,Автентичність джерела не перевіряється,CLOSED_LOCAL,apps/api/src/korpus/security/source_authenticity.py | apps/api/migrations/versions/0006_source_authenticity.py | apps/api/tests/test_v5_security_kernel.py::test_detached_source_signature_binds_content_and_metadata,"Hash доводить лише отримані байти, не офіційність документа.","Source connectors з domain allowlist, signature verification, publication ID reconciliation.",PKI/PAdES; registry API; timestamp service,Authority status виникає лише після криптографічної/реєстрової перевірки або human attestation.,None inside the frozen local scope; external acceptance may still apply.
ING-011,Ingestion & Parsers,P1,VERIFIED_DEFECT,Deduplication лише exact SHA-256,CLOSED_LOCAL,apps/api/src/korpus/application/fingerprints.py | apps/api/migrations/versions/0007_near_duplicate_governance.py | apps/api/tests/test_near_duplicate_governance.py,"Конфліктні дублікати, перекіс retrieval, зайва review-робота.",Near-duplicate detection: simhash/minhash/layout/OCR fingerprint; canonical merge workflow.,datasketch; perceptual hash,Known duplicate families обʼєднуються з precision/recall gate.,None inside the frozen local scope; external acceptance may still apply.
ING-012,Ingestion & Parsers,P1,UNVERIFIED_BLOCKER,Немає corpus-scale ingestion recovery drill,EXTERNAL_DEBT,,Масова міграція може зависнути або дати частковий корпус.,Run full-scale replay with injected failures and deterministic reconciliation.,Workflow engine; fault injection; load generator,100% source manifest reconciled; no missing/duplicate versions.,100% source manifest reconciled; no missing/duplicate versions.
RAG-001,Retrieval & Evidence,P0,VERIFIED_DEFECT,"Evaluation dataset є synthetic fixture, не production evidence",EXTERNAL_DEBT,,Високий pass rate не прогнозує реальну точність на українському корпусі.,Створити frozen stratified gold set із реальних документів і adversarial holdout.,Annotation platform; HELM-style scenario matrix; RAGChecker/ALCE metrics,"Blind holdout, human adjudication, versioned dataset, confidence intervals.","Blind holdout, human adjudication, versioned dataset, confidence intervals."
RAG-002,Retrieval & Evidence,P0,VERIFIED_DEFECT,Calibration profile не криптографічно звʼязаний з фактичним dataset artifact,CLOSED_LOCAL,apps/api/src/korpus/application/calibration.py | apps/api/tests/test_calibration.py::test_calibration_profile_and_bound_artifacts_reject_tampering,Можна подати profile із вигаданими метриками/хешем.,"Signed calibration bundle: dataset, labels, code digest, metrics, profile, approvers.",in-toto/SLSA attestation; cosign; reproducible eval,Runtime перевіряє signed bundle та точний dataset/code digest перед calibrated mode.,None inside the frozen local scope; external acceptance may still apply.
RAG-003,Retrieval & Evidence,P0,UNVERIFIED_BLOCKER,Немає human gold standard та inter-annotator agreement,EXTERNAL_DEBT,,"Невідомо, чи ground truth взагалі стабільний і предметно правильний.","Подвійна незалежна розмітка, adjudication, reviewer qualifications, ambiguity labels.",Label Studio/Argilla; statistical analysis,IAA threshold predefined; ambiguous cases excluded/separately scored.,IAA threshold predefined; ambiguous cases excluded/separately scored.
RAG-004,Retrieval & Evidence,P1,VERIFIED_DEFECT,"Evidence support вимірюється token overlap, не entailment",CLOSED_LOCAL,apps/api/src/korpus/application/answer_query.py | apps/api/tests/test_answers.py::test_approved_document_produces_exact_claim_bound_citation,"Правдоподібна, але не підтверджена відповідь проходить gate.",Claim decomposition + NLI/attribution verifier + human spot checks; contradiction state.,NLI model/local verifier; ALCE; attribution benchmark,"Citation precision/completeness і entailment measured per claim, not query token overlap.",None inside the frozen local scope; external acceptance may still apply.
RAG-005,Retrieval & Evidence,P1,VERIFIED_DEFECT,Немає contradiction resolution між джерелами,MITIGATED_LOCAL,apps/api/src/korpus/application/evidence.py | apps/api/src/korpus/application/answer_query.py | apps/api/tests/test_v5_security_kernel.py::test_contradiction_gate_detects_negation_and_numeric_conflicts,Система обирає одну відповідь при невирішеному конфлікті.,"Conflict graph, issuer/jurisdiction precedence, explicit conflict abstention.",NLI contradiction; rule engine; temporal graph,Known conflict cases повертають conflict status і всі релевантні sources.,Known conflict cases повертають conflict status і всі релевантні sources.
RAG-006,Retrieval & Evidence,P1,VERIFIED_DEFECT,Citation completeness метрика не відповідає claim coverage,CLOSED_LOCAL,apps/api/src/korpus/application/answer_query.py | apps/api/tests/test_structured_evidence_and_fuzz.py,"Відповідь може мати citation, але частина тверджень лишається без доказу.",Виділяти atomic claims і вимагати support для кожного; окремо correctness/completeness.,ALCE/RAGChecker-style metrics,100% emitted claims мають verified supporting spans або answer abstains.,None inside the frozen local scope; external acceptance may still apply.
RAG-007,Retrieval & Evidence,P1,VERIFIED_DEFECT,Authority priors є неперевіреними константами,MITIGATED_LOCAL,apps/api/src/korpus/application/calibration.py | apps/api/tests/test_v5_security_kernel.py::test_authority_priors_are_profile_inputs_not_hidden_constants,Скалярний prior може переважити релевантність і контекстну правову силу.,"Контекстна authority policy: document type, issuer competence, jurisdiction, date, task.",Policy rules + calibration/ablation,Ablation і domain validation доводять користь; priors versioned and approved.,Ablation і domain validation доводять користь; priors versioned and approved.
RAG-008,Retrieval & Evidence,P1,VERIFIED_DEFECT,"Temporal score вимірює наявність metadata, не temporal relevance",CLOSED_LOCAL,apps/api/src/korpus/application/retrieval.py | apps/api/tests/test_versioning.py,"Старий документ отримує такий самий temporal bonus, як актуальний.",Temporal distance/applicability features; interval algebra; supersession graph.,Bitemporal DB tests; temporal benchmark,As-of queries правильно ранжують/відсікають historical/current versions.,None inside the frozen local scope; external acceptance may still apply.
RAG-009,Retrieval & Evidence,P1,VERIFIED_DEFECT,Risk classifier є regex heuristic,MITIGATED_LOCAL,apps/api/src/korpus/application/risk_rules.py | apps/api/tests/test_risk_rules.py::test_an_unrecognised_query_is_unclassified_not_standard | apps/api/tests/test_risk_rules.py::test_a_rephrased_operational_question_is_still_operational | apps/api/tests/test_risk_rules.py::test_unclassified_costs_more_than_standard,Перефразування обходить stricter thresholds; false positives блокують корисні запити.,Train/evaluate transparent risk classifier або rule DSL з broad test corpus; fail-closed unknown.,Property/adversarial tests; confusion matrix,Per-class precision/recall + worst-group metrics на blind set.,Per-class precision/recall + worst-group metrics на blind set.
RAG-010,Retrieval & Evidence,P1,VERIFIED_DEFECT,Prompt/control injection detector має лише пʼять regex patterns,MITIGATED_LOCAL,apps/api/src/korpus/application/evidence.py | apps/api/tests/test_v5_security_kernel.py::test_injection_detector_handles_zero_width_homoglyphs_and_role_markers,Poisoned text може бути процитований/оброблений як evidence.,Treat corpus as data structurally; instruction isolation; detector ensemble; poisoning metadata.,MITRE ATLAS cases; Unicode fuzzing; document taint labels,Adversarial corpus suite із direct/indirect/obfuscated injection має defined outcomes.,Adversarial corpus suite із direct/indirect/obfuscated injection має defined outcomes.
RAG-011,Retrieval & Evidence,P1,VERIFIED_DEFECT,Sentence segmentation непридатна для складних нормативних документів,MITIGATED_LOCAL,apps/api/src/korpus/application/evidence.py | apps/api/tests/test_v5_security_kernel.py::test_sentence_segmenter_preserves_offsets_for_decimals_abbreviations_and_lists,Citation offsets і atomic claims можуть бути семантично неправильні.,"Structure-aware parser: headings, clauses, bullets, tables, references; immutable offsets.",PDF layout parser; Ukrainian sentence tokenizer,Gold structural extraction benchmark PASS per document class.,Gold structural extraction benchmark PASS per document class.
RAG-012,Retrieval & Evidence,P1,VERIFIED_DEFECT,Lexical retrieval не має української морфології та domain analysis,MITIGATED_LOCAL,apps/api/src/korpus/application/retrieval.py | apps/api/tests/test_v5_security_kernel.py::test_ukrainian_morphology_and_temporal_relevance_are_explicit,"Recall падає через відмінки, військові скорочення, варіанти написання.","Ukrainian analyzer, controlled vocabulary, acronym expansion, query rewriting with audit.",Stanza/UDPipe; domain thesaurus; BEIR-style evaluation,"Recall@20 та nDCG measured by query family, including morphology/acronyms.","Recall@20 та nDCG measured by query family, including morphology/acronyms."
RAG-013,Retrieval & Evidence,P1,UNVERIFIED_BLOCKER,"Немає тестів таблиць, чисел, одиниць і формул",MITIGATED_LOCAL,apps/api/src/korpus/application/numeric_integrity.py | apps/api/src/korpus/application/table_integrity.py | apps/api/tests/test_numeric_integrity.py | apps/api/tests/test_table_integrity.py,"Небезпечні помилки в дозах, строках, координатах, кількостях.","Table extraction, unit normalization, numeric entailment, exact-cell citation.",Camelot/Docling/layout tools; unit tests,Numeric/table benchmark має zero critical unit/sign errors.,Numeric/table benchmark має zero critical unit/sign errors.
RAG-014,Retrieval & Evidence,P1,UNVERIFIED_BLOCKER,Scale evidence не репрезентує production,EXTERNAL_DEBT,,"Невідомі p95/p99, saturation, recall і cost на реальному corpus/Postgres.","Benchmark real corpus, concurrent mixed workload, cold/warm cache, failure cases.",k6/Locust; pg_stat_statements; OpenTelemetry,"SLO envelope with p50/p95/p99, throughput, recall, resource/cost curves.","SLO envelope with p50/p95/p99, throughput, recall, resource/cost curves."
RAG-015,Retrieval & Evidence,P1,CONDITIONAL_RISK,Embedding integration може створити data egress,MITIGATED_LOCAL,apps/api/src/korpus/security/corpus_governance.py | apps/api/src/korpus/infrastructure/semantic.py | apps/api/tests/test_corpus_governance.py,Restricted content залишає trust boundary.,"Per-class provider policy, local models for restricted tiers, egress proxy/DLP, contracts/retention.",DLP; egress gateway; local embedding service,Restricted test corpus ніколи не викликає external endpoint; network evidence confirms.,Restricted test corpus ніколи не викликає external endpoint; network evidence confirms.
RAG-016,Retrieval & Evidence,P1,UNVERIFIED_BLOCKER,Немає доказу synchronization/model migration embeddings,MITIGATED_LOCAL,apps/api/src/korpus/application/embedding_migration.py | apps/api/tests/test_embedding_migration.py::test_the_switch_requires_complete_coverage | apps/api/tests/test_embedding_migration.py::test_retiring_before_the_switch_is_refused | apps/api/tests/test_embedding_migration.py::test_rollback_is_checked_before_it_is_needed,Semantic retrieval використовує неповний або змішаний index.,"Embedding job ledger, text_hash/model version reconciliation, blue-green index migration.",Queue; pgvector inventory; consistency checker,100% approved spans have correct model/text hash before semantic weight activation.,100% approved spans have correct model/text hash before semantic weight activation.
RAG-017,Retrieval & Evidence,P1,UNVERIFIED_BLOCKER,Немає drift/online quality monitoring,MITIGATED_LOCAL,apps/api/src/korpus/application/embedding_coverage.py | apps/api/tests/test_embedding_coverage.py,Якість деградує непомітно після corpus/model/query changes.,"Shadow evaluation, sampled human review, drift metrics, rollback triggers.",Evidently/custom metrics; review queue,Defined drift thresholds cause automatic freeze/rollback.,Defined drift thresholds cause automatic freeze/rollback.
RAG-018,Retrieval & Evidence,P1,UNVERIFIED_BLOCKER,Немає захисту від corpus/RAG poisoning як процесу,MITIGATED_LOCAL,apps/api/src/korpus/security/source_authenticity.py | apps/api/src/korpus/security/reviewers.py | apps/api/src/korpus/application/fingerprints.py,Авторитетно оформлений шкідливий документ впливає на відповіді.,"Source provenance, anomaly detection, multi-review, canary corpus release, rollback.",MITRE ATLAS; content diff; signed releases,Poisoned-source exercise detected before general release.,Poisoned-source exercise detected before general release.
RAG-019,Retrieval & Evidence,P2,VERIFIED_DEFECT,"Score не є каліброваною ймовірністю, але UI подає його як метрику",CLOSED_LOCAL,apps/web/public/index.html | apps/web/public/app.js | apps/web/scripts/validate.mjs | apps/api/tests/test_web_score_presentation.py::test_the_ui_states_that_the_score_is_not_a_probability | .gitlab-ci.yml::web:test,Користувач може сприймати 0.8 як 80% істини.,Rename to ranking utility; show calibrated risk/coverage separately; uncertainty UX.,Calibration plots; UX research,"UI/docs clearly distinguish utility, evidence coverage, error bound.",None inside the frozen local scope; external acceptance may still apply.
RAG-020,Retrieval & Evidence,P2,VERIFIED_DEFECT,Малі мінімальні вибірки не гарантують domain coverage,MITIGATED_LOCAL,apps/api/src/korpus/application/calibration.py | evals/EVALUATION_PROTOCOL.md,Aggregate metric маскує провал рідкісних критичних сценаріїв.,Stratified sample-size plan per domain/risk; bootstrap confidence intervals; preregistered gates.,Power analysis; bootstrap,Each critical stratum meets minimum N and upper error bound.,Each critical stratum meets minimum N and upper error bound.
INF-001,Infrastructure,P0,UNVERIFIED_BLOCKER,Docker/Compose runtime не був фактично виконаний у середовищі аудиту,EXTERNAL_DEBT,,Compose може не піднятися або інтеграції можуть бути невірно wired.,"Запустити clean host deployment, smoke/E2E, restart/upgrade/downgrade, network tests.",Docker/Podman; Testcontainers; GitLab runner,Full stack starts from zero and passes E2E under non-root roles.,Full stack starts from zero and passes E2E under non-root roles.
INF-002,Infrastructure,P0,VERIFIED_DEFECT,"docker-compose.yml є local topology, не production deployment",MITIGATED_LOCAL,deploy/kubernetes | scripts/validate_kubernetes.py,Неприпустимо використовувати manifest як production.,Створити окремі staging/prod IaC modules; видалити implicit promotion local compose.,Terraform/Pulumi; Helm/Kubernetes або hardened VMs,Production config passes policy-as-code and has no dev settings/plain HTTP.,Production config passes policy-as-code and has no dev settings/plain HTTP.
INF-003,Infrastructure,P0,UNVERIFIED_BLOCKER,Немає production TLS ingress і service identity,EXTERNAL_DEBT,,MITM/credential exposure при неправильній мережевій межі.,"TLS 1.2/1.3 ingress, mTLS/service mesh або equivalent, certificate rotation.",cert-manager/Envoy/Nginx; TLS scanners,All external and sensitive internal paths cryptographically authenticated.,All external and sensitive internal paths cryptographically authenticated.
INF-004,Infrastructure,P0,UNVERIFIED_BLOCKER,Немає HA/failover/PITR topology,EXTERNAL_DEBT,,Single point of failure та втрата даних.,"Define availability class; HA Postgres, object replication, redundant API, PITR.",Patroni/managed Postgres; object replication; chaos test,Failover drill meets defined RTO/RPO with no authorization bypass.,Failover drill meets defined RTO/RPO with no authorization bypass.
INF-005,Infrastructure,P0,UNVERIFIED_BLOCKER,Backup/restore не доведено на live production-like PostgreSQL,EXTERNAL_DEBT,,Backup може бути невідновним у реальному середовищі.,"Quarterly live restore to isolated environment, data validation, RLS/auth tests, timed RTO/RPO.",pg_dump/pg_restore or physical backup; restore automation,Independent restore evidence with measured RTO/RPO and checksum reconciliation.,Independent restore evidence with measured RTO/RPO and checksum reconciliation.
INF-006,Infrastructure,P0,UNVERIFIED_BLOCKER,Немає production secret manager/KMS/HSM і rotation evidence,EXTERNAL_DEBT,,Компрометація host/app відкриває keys і audit forgery/decryption.,"Vault/KMS/HSM, workload identity, envelope encryption, rotation/revocation drills.",HashiCorp Vault/cloud KMS/HSM,No long-lived static secrets in images/files; rotation without downtime tested.,No long-lived static secrets in images/files; rotation without downtime tested.
INF-007,Infrastructure,P1,VERIFIED_DEFECT,API має загальний egress без destination allowlist,MITIGATED_LOCAL,deploy/kubernetes/base/networkpolicies.yaml | docker-compose.yml,SSRF або compromised process exfiltrates corpus/secrets.,Default-deny egress gateway; allowlist OIDC/S3/anchor/embedding; DNS/TLS pinning where appropriate.,NetworkPolicy/eBPF/proxy; SSRF tests,Unexpected destinations unreachable; egress logs attributable.,Unexpected destinations unreachable; egress logs attributable.
INF-008,Infrastructure,P1,UNVERIFIED_BLOCKER,Resource limits не калібровані capacity plan,EXTERNAL_DEBT,,OOM/throttling або зайве резервування.,Load/capacity model by workload; autoscaling/admission budgets; saturation alerts.,k6/Locust; cAdvisor; pg metrics,Limits derived from measured envelope and documented headroom.,Limits derived from measured envelope and documented headroom.
INF-009,Infrastructure,P1,VERIFIED_DEFECT,"OTel collector healthcheck перевіряє config, не serving path",MITIGATED_LOCAL,apps/api/src/korpus/infrastructure/observability.py | apps/api/tests/test_telemetry_status.py,Telemetry silently unavailable while container healthy.,Use health_check extension endpoint + synthetic trace/metric canary.,OpenTelemetry Collector healthcheck; synthetic probe,Dropped exporter/receiver causes readiness/alert according to policy.,Dropped exporter/receiver causes readiness/alert according to policy.
INF-010,Infrastructure,P1,VERIFIED_DEFECT,Local audit anchor не є незалежним trust domain,MITIGATED_LOCAL,apps/api/src/korpus/infrastructure/audit_anchor.py | apps/api/tests/test_http_audit_anchor.py,Host compromise може змінити ledger і anchor.,Remote append-only witness in separate account/org; asymmetric signatures/trusted timestamp.,Transparency log/Rekor-like service; HSM signing,Single host/admin compromise cannot rewrite accepted history.,Single host/admin compromise cannot rewrite accepted history.
INF-011,Infrastructure,P1,UNVERIFIED_BLOCKER,Немає deployment rollback/canary/schema compatibility proof,EXTERNAL_DEBT,,Нова версія може зробити DB/clients незворотно несумісними.,"Expand-contract migrations, canary, automated rollback, compatibility tests.",Argo Rollouts/GitLab environments; contract tests,N-1/N compatibility and rollback drill PASS.,N-1/N compatibility and rollback drill PASS.
INF-012,Infrastructure,P1,UNVERIFIED_BLOCKER,Немає offsite/immutable backup schedule and retention execution,EXTERNAL_DEBT,,Ransomware/operator error знищує primary і backup.,"3-2-1 backups, object lock, isolated credentials, restore cadence.",Backup scheduler; WORM storage,Backup age/immutability monitored; restore sampled automatically.,Backup age/immutability monitored; restore sampled automatically.
SRE-001,Reliability & Operations,P0,UNVERIFIED_BLOCKER,Немає SLO/SLI/error-budget contract,EXTERNAL_DEBT,,Неможливо обʼєктивно вирішити launch або regression.,"Define user journeys, SLIs, SLOs, error budget, alert policy.",Google SRE methods; Prometheus/OpenTelemetry,Approved SLO document and burn-rate alerts validated.,Approved SLO document and burn-rate alerts validated.
SRE-002,Reliability & Operations,P0,UNVERIFIED_BLOCKER,Немає on-call ownership та incident exercises,EXTERNAL_DEBT,,Інцидент не буде вчасно виявлений/локалізований.,"On-call model, severity matrix, paging, tabletop + technical game days.",PagerDuty/Opsgenie equivalent; incident tooling,Timed exercises meet detection/containment/recovery targets.,Timed exercises meet detection/containment/recovery targets.
SRE-003,Reliability & Operations,P1,VERIFIED_DEFECT,Observability не має durable backend,MITIGATED_LOCAL,apps/api/src/korpus/infrastructure/observability.py | infra/otel-collector.yaml,"Немає історичного аналізу, alerting і forensic evidence.","Deploy metrics/traces/logs backend, RED/USE dashboards, retention and access controls.",Prometheus/Grafana/Loki/Tempo або managed stack,Synthetic failures visible end-to-end and page correct owner.,Synthetic failures visible end-to-end and page correct owner.
SRE-004,Reliability & Operations,P1,UNVERIFIED_BLOCKER,Немає chaos/failure-injection matrix,EXTERNAL_DEBT,,Невідомі cascading failures і ambiguous transaction outcomes.,"Fault injection per dependency, partial failures, latency, stale cache, clock skew.",Toxiproxy/Chaos Mesh; pytest integration,Every dependency has defined degraded/fail-closed behavior and recovery evidence.,Every dependency has defined degraded/fail-closed behavior and recovery evidence.
SRE-005,Reliability & Operations,P1,UNVERIFIED_BLOCKER,Немає production load/concurrency endurance test,EXTERNAL_DEBT,,"Race, leaks, queue collapse, p99 spikes зʼявляться лише в експлуатації.",Mixed workload load/soak/spike tests; saturation and backpressure validation.,k6/Locust; pgbench; profiling,Meet SLO under target and overload sheds load without leakage/corruption.,Meet SLO under target and overload sheds load without leakage/corruption.
SRE-006,Reliability & Operations,P1,CONDITIONAL_RISK,Readiness має невизначену degraded-mode policy,MITIGATED_LOCAL,apps/api/src/korpus/main.py | docs/operations/SLO_AND_RELEASE_POLICY_V5.md,Зайва недоступність або небезпечний silent fallback.,Define dependency matrix: required/optional per environment/query risk; expose degraded state.,State machine; chaos tests,Each outage returns predeclared status; no silent semantic/policy downgrade.,Each outage returns predeclared status; no silent semantic/policy downgrade.
SRE-007,Reliability & Operations,P1,UNVERIFIED_BLOCKER,Немає data/corpus release rollback drill,EXTERNAL_DEBT,,Poisoned або хибний corpus release впливає на всіх.,"Immutable corpus releases, canary cohort, shadow eval, atomic rollback.",Release registry; feature flags,Rollback restores prior answers/index within defined RTO.,Rollback restores prior answers/index within defined RTO.
SUP-001,Supply Chain,P0,VERIFIED_DEFECT,"Container/CI images pinned tags, not immutable digests",CLOSED_LOCAL,docker-compose.yml | apps/api/Dockerfile | apps/web/Dockerfile | apps/api/tests/test_image_pinning.py::test_a_tag_without_a_digest_is_refused | apps/api/tests/test_gate_parity.py::test_every_ci_image_pins_an_exact_tag,Tag re-publish changes build без source change.,Resolve and pin digest; automated verified update PRs; policy enforcement.,Renovate/Dependabot; cosign; registry policy,All release inputs are digest-pinned and provenance records exact digests.,None inside the frozen local scope; external acceptance may still apply.
SUP-002,Supply Chain,P0,VERIFIED_DEFECT,Python lock files не містять hashes,CLOSED_LOCAL,apps/api/requirements.runtime.lock | apps/api/requirements.dev.lock | apps/api/tests/test_gate_parity.py::test_every_pinned_dependency_carries_a_hash | apps/api/tests/test_gate_parity.py::test_every_install_of_a_lock_file_requires_those_hashes,Compromised index/artifact може підмінити wheel/sdist.,Hash-pin all artifacts; private mirror; binary-only policy; provenance verification.,pip-tools/uv lock; --require-hashes; artifact registry,Offline/reproducible install succeeds only for approved hashes.,None inside the frozen local scope; external acceptance may still apply.
SUP-003,Supply Chain,P0,UNVERIFIED_BLOCKER,Немає signed build provenance і artifact signing,EXTERNAL_DEBT,,"Неможливо довести, хто/як побудував production image.","Generate SLSA provenance, sign images/SBOM, verify before deploy.",GitLab OIDC + cosign/in-toto; SLSA verifier,Deployment admission rejects unsigned/unexpected provenance.,Deployment admission rejects unsigned/unexpected provenance.
SUP-004,Supply Chain,P1,VERIFIED_DEFECT,BuildKit запускається з no-process-sandbox,CLOSED_LOCAL,.gitlab-ci.yml::container:build,Build steps мають слабшу isolation boundary.,Use hardened hosted builder/runner or isolated VM; remove flag where feasible.,GitLab isolated runner; rootless BuildKit with sandbox,Malicious build step cannot inspect other jobs/host secrets.,None inside the frozen local scope; external acceptance may still apply.
SUP-005,Supply Chain,P1,UNVERIFIED_BLOCKER,Security scanners не були виконані в локальному аудиті,EXTERNAL_DEBT,,Current dependencies/config may contain known issues.,Run pipeline in isolated runner; archive signed reports; fix all policy violations.,GitLab CI; Trivy; pip-audit; Gitleaks; Ruff; mypy,"Signed pipeline evidence, zero unaccepted high/critical findings.","Signed pipeline evidence, zero unaccepted high/critical findings."
SUP-006,Supply Chain,P1,VERIFIED_DEFECT,Static security analysis coverage incomplete,MITIGATED_LOCAL,.gitlab-ci.yml | scripts/run_mutation_tests.py | scripts/validate_infrastructure.py,Logic/security flaws не представлені dependency/config scans.,"SAST rules, API DAST, fuzzing, IaC policies, secret history scan.",Semgrep/Bandit; Schemathesis/ZAP; Atheris,Security test matrix maps every threat class to executable gate.,Security test matrix maps every threat class to executable gate.
SUP-007,Supply Chain,P1,UNVERIFIED_BLOCKER,GitLab branch/tag controls не доведені repository files,EXTERNAL_DEBT,,Unilateral bypass або malicious runner може publish release.,Export GitLab settings evidence; 2-person review; protected tags; isolated runners.,GitLab API/audit events; SLSA Source track,No single contributor can alter protected release without independent approval.,No single contributor can alter protected release without independent approval.
SUP-008,Supply Chain,P1,UNVERIFIED_BLOCKER,Немає continuous re-scan/patch SLA та KEV policy,EXTERNAL_DEBT,,Нові CVE залишаються непоміченими.,"Scheduled rescans, SBOM inventory, KEV SLA, emergency rebuild/revoke.",Dependency Track/Grype/Trivy; CISA KEV feed,High/critical/KEV triage and remediation SLA measured.,High/critical/KEV triage and remediation SLA measured.
SUP-009,Supply Chain,P2,UNVERIFIED_BLOCKER,Немає license/compliance inventory,MITIGATED_LOCAL,scripts/generate_supply_chain_inventory.py | apps/api/tests/test_gate_parity.py::test_scripts_reading_installed_metadata_run_under_the_locked_interpreter,Юридичний ризик distribution/deployment.,"License scan, approved license policy, notices.",Syft/ScanCode/FOSSA equivalent,Release має complete license report і zero forbidden components.,Release має complete license report і zero forbidden components.
COD-001,Code Architecture,P1,VERIFIED_DEFECT,SqlRepository є infrastructure god object,OPEN_TECH_DEBT,,Зростає change coupling і шанс неповного security fix.,"Розділити repositories/UoW: documents, versions, search, audit, health; transactional boundaries explicit.",Architecture tests; dependency-cruiser equivalent,Кожен модуль має одну responsibility; security invariants tested across UoW.,Кожен модуль має одну responsibility; security invariants tested across UoW.
COD-002,Code Architecture,P1,VERIFIED_DEFECT,Security config validator має надмірну цикломатичну складність,CLOSED_LOCAL,apps/api/src/korpus/controlled_requirements.py | apps/api/src/korpus/infrastructure_requirements.py | apps/api/tests/test_controlled_configuration_refusals.py | apps/api/tests/test_requirement_registry.py | config/operations/module-budget.json,Конфігураційні комбінації важко довести; typo/новий mode може fail-open.,Typed environment profiles/discriminated unions; policy table; exhaustive config tests.,Pydantic models; property-based testing,All valid/invalid profile combinations generated and checked.,None inside the frozen local scope; external acceptance may still apply.
COD-003,Code Architecture,P1,VERIFIED_DEFECT,Broad `except Exception` у critical paths,CLOSED_LOCAL,apps/api/tests/test_exception_handling_discipline.py::test_no_broad_handler_turns_a_fault_into_evidence_of_health | apps/api/tests/test_exception_handling_discipline.py::test_no_bare_except_hides_which_failure_occurred,Різні failure causes collapse; programming bugs маскуються як dependency failure.,"Narrow exceptions, typed failure taxonomy, preserve cause, alert unexpected errors.",Ruff BLE; error budget tests,"Unexpected exception propagates to crash/alert in test, not generic safe-looking state.",None inside the frozen local scope; external acceptance may still apply.
COD-004,Code Architecture,P1,VERIFIED_DEFECT,Branch coverage значно нижча за statement coverage,MITIGATED_LOCAL,scripts/check_coverage_thresholds.py | apps/api/tests/test_gate_parity.py::test_the_coverage_thresholds_are_checked_where_coverage_is_produced,Happy-path statements маскують неперевірені decision branches.,Per-module branch thresholds for security-critical code; MC/DC-inspired cases.,coverage.py branch; diff coverage,Auth/policy/ingestion/audit branches ≥90% or justified exclusions.,Auth/policy/ingestion/audit branches ≥90% or justified exclusions.
COD-005,Code Architecture,P1,VERIFIED_DEFECT,Mutation score 100% стосується лише 14 hand-selected mutants,MITIGATED_LOCAL,scripts/run_mutation_tests.py | var/mutation-report.json,Неперевірені предикати можуть бути слабкими попри 100%.,Run broad mutation engine by module; track equivalent mutants; risk-based mutation budget.,mutmut/cosmic-ray/custom operators,"Mutation score reported over declared operator space, survivors triaged.","Mutation score reported over declared operator space, survivors triaged."
COD-006,Code Architecture,P1,UNVERIFIED_BLOCKER,Немає parser/API fuzzing,MITIGATED_LOCAL,apps/api/tests/test_structured_evidence_and_fuzz.py | apps/api/tests/test_v5_security_kernel.py::test_parser_sandbox_setting_selects_isolated_parser,Crash/DoS/input edge cases невідомі.,"Coverage-guided fuzzing, property tests, regression corpus.",Atheris/Hypothesis; Schemathesis; OSS-Fuzz style,No crash/hang/leak in defined CPU-hour budget; all findings regression-tested.,No crash/hang/leak in defined CPU-hour budget; all findings regression-tested.
COD-007,Code Architecture,P2,VERIFIED_DEFECT,mypy і Ruff policies слабкі для critical system,MITIGATED_LOCAL,apps/api/pyproject.toml | .gitlab-ci.yml::api:quality,Integration types/security smells проходять непомічено.,"Strict typing by module, stubs/protocols, broader Ruff/security rules.",mypy strict/pyright; Ruff S/C90/BLE/ASYNC,Zero unexplained Any at trust boundaries; complexity budgets enforced.,Zero unexplained Any at trust boundaries; complexity budgets enforced.
COD-008,Code Architecture,P2,VERIFIED_DEFECT,Web lint/typecheck є лише asset-existence validator,MITIGATED_LOCAL,apps/web/scripts/validate.mjs | apps/web/package.json | apps/api/tests/test_browser_oidc.py,UI auth/security regressions не ловляться.,"TypeScript, ESLint, DOM/unit/E2E tests, CSP tests.",TypeScript/ESLint/Vitest/Playwright,OIDC/error/accessibility flows covered; real typecheck compiles.,OIDC/error/accessibility flows covered; real typecheck compiles.
COD-009,Code Architecture,P2,VERIFIED_DEFECT,Критичні модулі мають низьке покриття,MITIGATED_LOCAL,pytest.ini | .gitlab-ci.yml::api:test,Саме integration/security/error paths найменше перевірені.,"Raise targeted branch/mutation/failure-mode coverage, not aggregate only.",coverage/mutation/fault injection,Per-risk module gates pass and no aggregate masking.,Per-risk module gates pass and no aggregate masking.
COD-010,Code Architecture,P2,UNVERIFIED_BLOCKER,Немає API compatibility/consumer contract suite,CLOSED_LOCAL,contracts/openapi.json | scripts/openapi_contract.py | apps/api/tests/test_api_contract.py,Release ламає UI/інтеграції непомітно.,"OpenAPI freeze/diff, consumer-driven contracts, version/deprecation policy.",oasdiff/Schemathesis/Pact,Breaking change requires major version and migration evidence.,None inside the frozen local scope; external acceptance may still apply.
WEB-001,Product Surface,P1,VERIFIED_DEFECT,UI покриває лише запит-відповідь,OPEN_TECH_DEBT,,"Операційні процеси виконуються API/manual, що підвищує помилки й обходи.","Role-specific consoles with safe workflows, validation, reason codes, audit previews.",Typed web app; E2E role tests,All critical workflows executable without raw DB/API manipulation.,All critical workflows executable without raw DB/API manipulation.
WEB-002,Product Surface,P2,UNVERIFIED_BLOCKER,Немає accessibility/usability evidence,EXTERNAL_DEBT,,Частина користувачів не може надійно експлуатувати систему.,"WCAG 2.2 AA audit, keyboard/screen-reader, cognitive load tests.",axe-core/Playwright; manual AT testing,Zero critical a11y defects; operational tasks pass usability tests.,Zero critical a11y defects; operational tasks pass usability tests.
AUD-001,Audit & Cryptography,P1,VERIFIED_DEFECT,Audit HMAC key доступний application process,MITIGATED_LOCAL,apps/api/src/korpus/infrastructure/repository.py | docs/security/KEY_AND_BREAK_GLASS_V5.md,Tamper evidence не захищає від повного compromise trust domain.,Asymmetric signing/HSM or external append-only log; split duties.,HSM/KMS; transparency log; trusted timestamp,Application cannot mint valid historical witness alone.,Application cannot mint valid historical witness alone.
AUD-002,Audit & Cryptography,P1,VERIFIED_DEFECT,Remote anchor protocol custom HTTP/HMAC,MITIGATED_LOCAL,apps/api/src/korpus/infrastructure/audit_anchor.py | apps/api/tests/test_http_audit_anchor.py,Anchor service/operator compromise зменшує гарантії.,Use signed append-only log / independent witnesses; key rotation and inclusion proofs.,Sigstore/Rekor-like; RFC3161 timestamp,Offline verifier detects fork/truncation with independently trusted keys.,Offline verifier detects fork/truncation with independently trusted keys.
AUD-003,Audit & Cryptography,P1,UNVERIFIED_BLOCKER,Key rotation/recovery ceremony не доведена,EXTERNAL_DEBT,,Rotation може зламати verification або лишити compromised key valid.,"Versioned key IDs, dual validation window, revocation, ceremony and drill.",KMS/HSM; runbooks,Rotation and compromised-key drill preserve verifiability and availability.,Rotation and compromised-key drill preserve verifiability and availability.
AUD-004,Audit & Cryptography,P1,UNVERIFIED_BLOCKER,Немає SIEM export/correlation/retention,MITIGATED_LOCAL,apps/api/src/korpus/application/audit_export.py | scripts/export_audit.py | apps/api/tests/test_audit_export.py | apps/api/src/korpus/application/retention.py,Атаки виявляються запізно; forensic context розпорошений.,Structured signed audit export to SIEM; correlation with IdP/network/deploy logs.,SIEM; OTel logs; pgaudit,Defined attack simulations trigger alerts with complete timeline.,Defined attack simulations trigger alerts with complete timeline.
DATA-001,Data Lifecycle,P0,UNVERIFIED_BLOCKER,Немає enforceable retention/deletion/legal-hold policy,MITIGATED_LOCAL,apps/api/src/korpus/security/corpus_governance.py | apps/api/tests/test_corpus_governance.py | docs/governance/DATA_HANDLING_STANDARD_V5.md,Незаконне довічне зберігання або передчасне видалення доказів.,Lifecycle state machine per data class; legal hold; cryptographic erasure; audit.,S3 lifecycle/KMS; policy engine,Automated tests prove retain/delete/hold/declassify behavior.,Automated tests prove retain/delete/hold/declassify behavior.
DATA-002,Data Lifecycle,P1,UNVERIFIED_BLOCKER,Немає field-level privacy/minimization assessment,MITIGATED_LOCAL,docs/governance/DATA_HANDLING_STANDARD_V5.md | apps/api/src/korpus/security/corpus_governance.py,Sensitive data індексується/цитується понад потребу.,"PII/secret scanning, redaction versions, purpose limitation, disclosure review.",DLP/NER; redaction tooling,Known sensitive fixtures never appear in unauthorized retrieval/output/logs.,Known sensitive fixtures never appear in unauthorized retrieval/output/logs.
DATA-003,Data Lifecycle,P1,UNVERIFIED_BLOCKER,Немає immutable corpus release manifest підписаного data owner,EXTERNAL_DEBT,,"Неможливо довести точний набір документів, що породив відповідь.","Signed corpus manifest: object/version hashes, policies, calibration, approvals.",in-toto/cosign; corpus registry,Every answer resolves to signed corpus release accepted by data owner.,Every answer resolves to signed corpus release accepted by data owner.
DATA-004,Data Lifecycle,P1,UNVERIFIED_BLOCKER,Немає continuous inventory/reconciliation object store↔DB↔index,MITIGATED_LOCAL,apps/api/src/korpus/cli.py | apps/api/tests/test_durable_ingestion_jobs.py::test_object_inventory_reconciliation_detects_missing_and_orphaned_files,Silent incompleteness або data residue.,Scheduled bidirectional reconciliation with repair/quarantine and alerts.,Inventory jobs; checksums; pg queries,Zero unexplained divergence; injected drift detected within SLA.,Zero unexplained divergence; injected drift detected within SLA.
OPS-001,Delivery Process,P2,UNVERIFIED_BLOCKER,Немає доказу reproducible container build,EXTERNAL_DEBT,,Build environment може неявно змінювати artifact.,Rebuild on independent runner; compare digest; record allowed nondeterminism.,reproducible-build tooling; diffoscope,Two independent builds yield identical digest or explained signed variance.,Two independent builds yield identical digest or explained signed variance.
OPS-002,Delivery Process,P2,VERIFIED_DEFECT,CI retry може приховувати flaky infrastructure behavior,CLOSED_LOCAL,.gitlab-ci.yml | apps/api/tests/test_gate_parity.py::test_ci_does_not_retry_failing_jobs,Нестабільність маскується повторним PASS.,"Record retry count, fail on test retry, flake dashboard/quarantine policy.",GitLab analytics; pytest-rerun only diagnostic,Release has zero unexplained flaky tests over defined window.,None inside the frozen local scope; external acceptance may still apply.
OPS-003,Delivery Process,P2,UNVERIFIED_BLOCKER,Немає release evidence retention policy,EXTERNAL_DEBT,,Пізніше неможливо відтворити evidence release.,Immutable long-term evidence registry with retention aligned to system lifetime.,Artifact registry/WORM,Every production release evidence retrievable and verified years later.,Every production release evidence retrievable and verified years later.
OPS-004,Delivery Process,P2,UNVERIFIED_BLOCKER,Немає environment drift detection,OPEN_TECH_DEBT,,Manual changes bypass reviewed configuration.,"GitOps/IaC drift detection, admission policy, periodic attestation.",Terraform plan/OPA/Kyverno/GitOps,Unauthorized drift detected and reverted/blocked.,Unauthorized drift detected and reverted/blocked.
OPS-005,Delivery Process,P2,UNVERIFIED_BLOCKER,Немає cost/capacity governance,EXTERNAL_DEBT,,Resource abuse або неконтрольована вартість.,"Per-tenant quotas, cost attribution, budget alerts, rate policy.",FinOps metrics; quota service,Cost per ingest/query measured; budget breach triggers safe throttling.,Cost per ingest/query measured; budget breach triggers safe throttling.
